id;activity_name
1;atop finally
2;thorn ouch
3;gracefully finally
4;phew urgently
5;yellowish regularly against
6;jealously
7;grandpa youthfully deny
8;what
9;reward willing
10;brr
11;towards
12;goodwill continually boastfully
13;for courteous
14;solvency recede wring
15;wrongly
16;zowie weakly considering
17;instead aboard howl
18;splendid hmph
19;knottily
20;buttery
21;ha ugh
22;whose hmph nor
23;of
24;given kissingly
25;hm custody
26;direct
27;planula too
28;teriyaki
29;through
30;jubilantly avaricious
