id;creation_date;title;image;image_content_type;appuser_id
1;2026-03-31T03:18:26;too micromanage;../fake-data/blob/hipster.png;image/png;1
2;2026-03-31T00:31:40;yet;../fake-data/blob/hipster.png;image/png;2
3;2026-03-30T12:10:12;saturate bah phooey;../fake-data/blob/hipster.png;image/png;1
4;2026-03-31T07:10:52;once abaft;../fake-data/blob/hipster.png;image/png;1
5;2026-03-31T02:42:57;so yum;../fake-data/blob/hipster.png;image/png;2
6;2026-03-30T15:23:44;consequently clone;../fake-data/blob/hipster.png;image/png;1
7;2026-03-30T17:55:58;oil cuddly signature;../fake-data/blob/hipster.png;image/png;2
8;2026-03-31T05:29:31;verify inure;../fake-data/blob/hipster.png;image/png;1
9;2026-03-30T14:50:30;impressionable yuck who;../fake-data/blob/hipster.png;image/png;2
10;2026-03-30T17:01:54;jazz defendant;../fake-data/blob/hipster.png;image/png;2
11;2026-03-30T17:34:32;moist pick ferret;../fake-data/blob/hipster.png;image/png;2
12;2026-03-31T04:45:33;incidentally recovery;../fake-data/blob/hipster.png;image/png;1
13;2026-03-30T16:41:26;enlist;../fake-data/blob/hipster.png;image/png;2
14;2026-03-31T05:10:12;bludgeon upon;../fake-data/blob/hipster.png;image/png;2
15;2026-03-30T22:06:29;hmph;../fake-data/blob/hipster.png;image/png;2
16;2026-03-30T17:59:16;phooey;../fake-data/blob/hipster.png;image/png;1
17;2026-03-31T04:43:11;clinch;../fake-data/blob/hipster.png;image/png;1
18;2026-03-31T00:45:02;windy ew misappropriate;../fake-data/blob/hipster.png;image/png;1
19;2026-03-31T04:24:48;scholarship when;../fake-data/blob/hipster.png;image/png;1
20;2026-03-30T21:08:18;wherever absent huzzah;../fake-data/blob/hipster.png;image/png;2
21;2026-03-31T03:24:52;skeletal information;../fake-data/blob/hipster.png;image/png;2
22;2026-03-31T00:08:56;blink nearly hoarse;../fake-data/blob/hipster.png;image/png;2
23;2026-03-30T14:11:22;ack;../fake-data/blob/hipster.png;image/png;1
24;2026-03-31T06:45:45;swelter ew until;../fake-data/blob/hipster.png;image/png;1
25;2026-03-30T20:42:00;coin needily;../fake-data/blob/hipster.png;image/png;1
26;2026-03-30T13:47:50;phooey;../fake-data/blob/hipster.png;image/png;1
27;2026-03-31T04:12:43;throughout language;../fake-data/blob/hipster.png;image/png;1
28;2026-03-31T03:46:59;against heroine sandy;../fake-data/blob/hipster.png;image/png;2
29;2026-03-30T12:51:41;accurate dicker deploy;../fake-data/blob/hipster.png;image/png;1
30;2026-03-31T02:40:29;psst internalise;../fake-data/blob/hipster.png;image/png;1
