id;interest_name
1;oh put
2;direct
3;ouch out
4;confusion up incandescence
5;incinerate mallard
6;mystify ha
7;innocently
8;all
9;translation accelerator
10;furthermore pneumonia
11;sauerkraut apropos
12;gracious finer
13;observe gerbil
14;beyond
15;of remorseful annually
16;until aggressive glider
17;commemorate
18;longingly jealously splash
19;woefully
20;majestic yuck
21;out before frantically
22;fearless
23;blight
24;remorseful pliers requite
25;broadly
26;forenenst
27;trivial yellow boohoo
28;whoa
29;hygienic unearth
30;oh nippy deep
