id;creation_date;name;email;feedback
1;2026-03-30T18:15:28;phooey usable rapid;Claudio54@gmail.com;attend miserably
2;2026-03-30T21:09:05;irresponsible;Alfonso_VelascoMojica@gmail.com;alliance
3;2026-03-30T08:31:07;shred humor;Ana_RoqueTorres@hotmail.com;cantaloupe nucleotidase
4;2026-03-31T00:37:59;solidly moral;Francisca_CrespoHurtado@yahoo.com;hungrily welcome testing
5;2026-03-30T16:45:30;ouch founder;Laura23@gmail.com;opposite decent
6;2026-03-30T20:42:23;besides;Marcela94@gmail.com;anti sometimes
7;2026-03-31T02:27:23;whoa sprinkles ligate;Mercedes32@yahoo.com;offend frenetically for
8;2026-03-30T08:39:03;unwieldy beside;Timoteo84@yahoo.com;pine which
9;2026-03-30T10:55:31;along promptly;Jennifer8@hotmail.com;ajar
10;2026-03-31T04:43:43;ick loose;Blanca40@yahoo.com;whereas fooey fast
11;2026-03-30T09:31:17;unnaturally;MiguelAngel_AmadorMondragon@gmail.com;as coil coincide
12;2026-03-30T14:49:46;boohoo excepting;Maica_RojasPartida@yahoo.com;for phew
13;2026-03-30T16:52:48;uselessly;Adriana_CasaresGarcia@gmail.com;belabor boldly as
14;2026-03-30T11:54:44;hydrolyze;Vicente_AguileraRiojas@gmail.com;deck than
15;2026-03-30T17:11:50;bonnet;Jeronimo.MoyaTejeda47@gmail.com;even probe who
16;2026-03-30T07:55:37;even who troubled;Dorotea_MorenoEstrada@hotmail.com;upon against meanwhile
17;2026-03-30T11:08:44;aboard tag;Graciela.RendonOlivarez89@gmail.com;after like
18;2026-03-30T09:41:59;stable er;Alejandro.OntiverosHidalgo@gmail.com;aw eggplant
19;2026-03-30T21:42:19;midst;Hugo.ElizondoAlaniz@yahoo.com;lest
20;2026-03-30T09:48:04;coal;Fernando_CintronTeran@yahoo.com;widow above
21;2026-03-30T16:53:12;whether mysterious;Diego.PalomoCalderon@yahoo.com;meh
22;2026-03-31T07:10:33;seemingly;Teresa40@hotmail.com;until
23;2026-03-31T02:29:48;crystallize smuggle justly;Elisa98@gmail.com;forager
24;2026-03-30T17:41:11;comfortable because remark;Carlota.CorralUlibarri25@gmail.com;while meh zowie
25;2026-03-31T07:07:55;after geez;Victoria_OliveraUlibarri96@yahoo.com;embossing haircut regarding
26;2026-03-30T19:20:13;really portray;Hermenegildo.NegreteRuelas@hotmail.com;toward
27;2026-03-31T01:03:22;joyously seemingly;Roberto41@hotmail.com;whack incidentally among
28;2026-03-30T23:58:27;upbeat;MarcoAntonio64@yahoo.com;inside on
29;2026-03-30T14:03:35;readjust fuzzy;Debora_AlcalaSegura46@gmail.com;midst freely helpfully
30;2026-03-30T22:28:48;hawk nor;Emilia_ChapaArenas90@hotmail.com;bakeware
