id;creation_date;publication_date;headline;leadtext;bodytext;quote;conclusion;link_text;link_url;image;image_content_type;appuser_id;blog_id
1;2026-03-30T14:31:01;2026-03-30T16:16:56;biodegradable beside;minus;offensively;before authentic lest;blah yearningly unless;gadzooks;amid;../fake-data/blob/hipster.png;image/png;1;1
2;2026-03-31T01:43:46;2026-03-30T13:49:59;astride;amidst yet;yippee;behind blah;until eek ew;blank since toothbrush;wildly nucleotidase blah;../fake-data/blob/hipster.png;image/png;2;2
3;2026-03-31T06:02:00;2026-03-30T11:50:04;authentic once wherever;um;innocently satirise after;into;violently;neatly greedily;yum;../fake-data/blob/hipster.png;image/png;2;3
4;2026-03-30T20:15:10;2026-03-30T14:49:44;presell dutiful if;yellowish mmm braid;elliptical gah skeletal;waterlogged unabashedly;priesthood competent dimly;pish willfully provided;grubby happily;../fake-data/blob/hipster.png;image/png;1;4
5;2026-03-31T02:57:27;2026-03-30T10:29:45;of which;times;furthermore;geez;finally yum;naturally likewise fragrant;meh loyally attest;../fake-data/blob/hipster.png;image/png;2;5
6;2026-03-31T05:11:24;2026-03-30T20:53:00;phooey;yieldingly;past graduate;provided;kissingly;marketplace;honestly ah machine;../fake-data/blob/hipster.png;image/png;2;6
7;2026-03-31T03:32:45;2026-03-30T18:31:51;unless stranger disloyal;sans;intently brandish;aha;wise delicious barge;whenever downright furthermore;yesterday deploy joyously;../fake-data/blob/hipster.png;image/png;1;7
8;2026-03-30T12:28:05;2026-03-30T23:51:30;fleck after;fess er;questionably ew round;ha;impassioned brr;below;meh jubilantly;../fake-data/blob/hipster.png;image/png;1;8
9;2026-03-30T15:00:16;2026-03-31T04:53:58;even;silt;mid;postbox confide;meh wherever;since annually belabor;notarize randomize vastly;../fake-data/blob/hipster.png;image/png;1;9
10;2026-03-30T19:31:44;2026-03-30T19:15:49;aha;likewise only hence;barring evince husk;whereas kissingly;meh;tedious marathon into;slushy tarragon boo;../fake-data/blob/hipster.png;image/png;1;10
11;2026-03-30T14:43:31;2026-03-30T15:49:45;garrote;woot elegant jittery;specific;noteworthy;except;astride down whoa;conceal equally;../fake-data/blob/hipster.png;image/png;1;11
12;2026-03-30T19:24:26;2026-03-30T15:50:41;omelet terribly intrepid;rise after;trolley far;trusting;mixture prudent;where ha;phew opera eyeglasses;../fake-data/blob/hipster.png;image/png;2;12
13;2026-03-31T03:27:00;2026-03-30T11:57:51;trivial;considering;concerning;deeply gah yum;crank self-reliant;scram stack;expansion hm;../fake-data/blob/hipster.png;image/png;1;13
14;2026-03-31T05:57:42;2026-03-31T00:16:01;airport anti;down;hard-to-find fake except;unfortunately pacemaker positively;far-off;penalise;out;../fake-data/blob/hipster.png;image/png;1;14
15;2026-03-30T16:00:06;2026-03-31T06:07:35;woot beneath apud;oof madly indeed;derby kindheartedly mmm;guide;hm import;snappy duh brr;floodlight;../fake-data/blob/hipster.png;image/png;2;15
16;2026-03-30T10:44:27;2026-03-30T23:35:05;neglected boom;seriously merrily;whoever responsibility why;likewise um;anesthetize;alongside across;weary abandoned;../fake-data/blob/hipster.png;image/png;2;16
17;2026-03-30T20:07:19;2026-03-30T14:12:44;offensively avalanche;furthermore step burdensome;fund;chase;buzzing patiently focalise;misguided among since;instead where;../fake-data/blob/hipster.png;image/png;2;17
18;2026-03-31T03:23:58;2026-03-30T12:59:54;yippee tremendously queasily;save rigidly;woot collaboration;abnormally;if thin bashfully;fiddle;to chunter;../fake-data/blob/hipster.png;image/png;1;18
19;2026-03-30T14:09:17;2026-03-30T11:02:16;casement skateboard;repeatedly hungrily before;degenerate bony sock;diver phooey;only out circa;peppery;before faraway;../fake-data/blob/hipster.png;image/png;1;19
20;2026-03-30T19:37:13;2026-03-30T23:18:48;foolhardy;even offensively banish;filthy;intensely mortise;enfold tusk austere;that zebra ample;buttery;../fake-data/blob/hipster.png;image/png;1;20
21;2026-03-30T17:48:42;2026-03-31T00:06:44;even woot zowie;deployment gah;forenenst deliberately galvanize;dial aircraft sign;dandelion;majestic perfectly utterly;frilly grouper;../fake-data/blob/hipster.png;image/png;1;21
22;2026-03-30T17:44:40;2026-03-30T18:55:16;foodstuffs;over;worriedly;amnesty loaf demonstrate;form unibody ownership;ignite;annually;../fake-data/blob/hipster.png;image/png;2;22
23;2026-03-30T16:44:51;2026-03-30T21:36:07;consequently cycle;um supposing whose;far-off extremely faithfully;likewise;down;doorpost gaseous anenst;joyful;../fake-data/blob/hipster.png;image/png;2;23
24;2026-03-30T23:35:22;2026-03-30T17:29:38;that;tail phew fooey;hm once;or;tragic downshift;carouse quart;fondly house;../fake-data/blob/hipster.png;image/png;2;24
25;2026-03-31T06:22:04;2026-03-30T20:38:50;across unless;ha;suspiciously;pish mmm sometimes;meaningfully;premeditation caring comfortable;meh;../fake-data/blob/hipster.png;image/png;1;25
26;2026-03-30T15:53:41;2026-03-30T11:28:07;evenly pronoun wisely;pro left er;following blushing;secret;unwieldy;geez unaware quietly;since;../fake-data/blob/hipster.png;image/png;2;26
27;2026-03-30T07:57:27;2026-03-31T03:14:11;in-joke;omelet horse misappropriate;adventurously aboard gadzooks;generally anenst thoughtfully;fort;private fooey;whereas whenever;../fake-data/blob/hipster.png;image/png;1;27
28;2026-03-30T23:59:06;2026-03-31T06:44:07;broadly inside;plus lieu;annually attraction;pish oh;because sonar;annually;apud;../fake-data/blob/hipster.png;image/png;2;28
29;2026-03-31T04:39:34;2026-03-30T09:54:32;pulse;yum representation;drat very descriptive;intervention phew tight;rotating;whoever provided;bitterly microchip;../fake-data/blob/hipster.png;image/png;1;29
30;2026-03-31T04:21:40;2026-03-30T17:17:06;breastplate only;via across;minus around;attest;so;ouch;jealously outstanding on;../fake-data/blob/hipster.png;image/png;2;30
